file,x,y,z,rx,ry,rz
./drr/0.png,-5.0,-5.0,-5.0,-5.0,-5.0,-5.0
./drr/1.png,-5.0,-5.0,-5.0,-5.0,-5.0,-2.5
./drr/2.png,-5.0,-5.0,-5.0,-5.0,-5.0,0.0
./drr/3.png,-5.0,-5.0,-5.0,-5.0,-5.0,2.5
./drr/4.png,-5.0,-5.0,-5.0,-5.0,-5.0,5.0
./drr/5.png,-5.0,-5.0,-5.0,-5.0,-2.5,-5.0
./drr/6.png,-5.0,-5.0,-5.0,-5.0,-2.5,-2.5
./drr/7.png,-5.0,-5.0,-5.0,-5.0,-2.5,0.0
./drr/8.png,-5.0,-5.0,-5.0,-5.0,-2.5,2.5
./drr/9.png,-5.0,-5.0,-5.0,-5.0,-2.5,5.0
./drr/10.png,-5.0,-5.0,-5.0,-5.0,0.0,-5.0
./drr/11.png,-5.0,-5.0,-5.0,-5.0,0.0,-2.5
./drr/12.png,-5.0,-5.0,-5.0,-5.0,0.0,0.0
./drr/13.png,-5.0,-5.0,-5.0,-5.0,0.0,2.5
./drr/14.png,-5.0,-5.0,-5.0,-5.0,0.0,5.0
./drr/15.png,-5.0,-5.0,-5.0,-5.0,2.5,-5.0
./drr/16.png,-5.0,-5.0,-5.0,-5.0,2.5,-2.5
./drr/17.png,-5.0,-5.0,-5.0,-5.0,2.5,0.0
./drr/18.png,-5.0,-5.0,-5.0,-5.0,2.5,2.5
./drr/19.png,-5.0,-5.0,-5.0,-5.0,2.5,5.0
./drr/20.png,-5.0,-5.0,-5.0,-5.0,5.0,-5.0
./drr/21.png,-5.0,-5.0,-5.0,-5.0,5.0,-2.5
./drr/22.png,-5.0,-5.0,-5.0,-5.0,5.0,0.0
./drr/23.png,-5.0,-5.0,-5.0,-5.0,5.0,2.5
./drr/24.png,-5.0,-5.0,-5.0,-5.0,5.0,5.0
./drr/25.png,-5.0,-5.0,-5.0,-2.5,-5.0,-5.0
./drr/26.png,-5.0,-5.0,-5.0,-2.5,-5.0,-2.5
./drr/27.png,-5.0,-5.0,-5.0,-2.5,-5.0,0.0
./drr/28.png,-5.0,-5.0,-5.0,-2.5,-5.0,2.5
./drr/29.png,-5.0,-5.0,-5.0,-2.5,-5.0,5.0
./drr/30.png,-5.0,-5.0,-5.0,-2.5,-2.5,-5.0
./drr/31.png,-5.0,-5.0,-5.0,-2.5,-2.5,-2.5
./drr/32.png,-5.0,-5.0,-5.0,-2.5,-2.5,0.0
./drr/33.png,-5.0,-5.0,-5.0,-2.5,-2.5,2.5
./drr/34.png,-5.0,-5.0,-5.0,-2.5,-2.5,5.0
./drr/35.png,-5.0,-5.0,-5.0,-2.5,0.0,-5.0
./drr/36.png,-5.0,-5.0,-5.0,-2.5,0.0,-2.5
./drr/37.png,-5.0,-5.0,-5.0,-2.5,0.0,0.0
./drr/38.png,-5.0,-5.0,-5.0,-2.5,0.0,2.5
./drr/39.png,-5.0,-5.0,-5.0,-2.5,0.0,5.0
./drr/40.png,-5.0,-5.0,-5.0,-2.5,2.5,-5.0
./drr/41.png,-5.0,-5.0,-5.0,-2.5,2.5,-2.5
./drr/42.png,-5.0,-5.0,-5.0,-2.5,2.5,0.0
./drr/43.png,-5.0,-5.0,-5.0,-2.5,2.5,2.5
./drr/44.png,-5.0,-5.0,-5.0,-2.5,2.5,5.0
./drr/45.png,-5.0,-5.0,-5.0,-2.5,5.0,-5.0
./drr/46.png,-5.0,-5.0,-5.0,-2.5,5.0,-2.5
./drr/47.png,-5.0,-5.0,-5.0,-2.5,5.0,0.0
./drr/48.png,-5.0,-5.0,-5.0,-2.5,5.0,2.5
./drr/49.png,-5.0,-5.0,-5.0,-2.5,5.0,5.0
./drr/50.png,-5.0,-5.0,-5.0,0.0,-5.0,-5.0
./drr/51.png,-5.0,-5.0,-5.0,0.0,-5.0,-2.5
./drr/52.png,-5.0,-5.0,-5.0,0.0,-5.0,0.0
./drr/53.png,-5.0,-5.0,-5.0,0.0,-5.0,2.5
./drr/54.png,-5.0,-5.0,-5.0,0.0,-5.0,5.0
./drr/55.png,-5.0,-5.0,-5.0,0.0,-2.5,-5.0
./drr/56.png,-5.0,-5.0,-5.0,0.0,-2.5,-2.5
./drr/57.png,-5.0,-5.0,-5.0,0.0,-2.5,0.0
./drr/58.png,-5.0,-5.0,-5.0,0.0,-2.5,2.5
./drr/59.png,-5.0,-5.0,-5.0,0.0,-2.5,5.0
./drr/60.png,-5.0,-5.0,-5.0,0.0,0.0,-5.0
./drr/61.png,-5.0,-5.0,-5.0,0.0,0.0,-2.5
./drr/62.png,-5.0,-5.0,-5.0,0.0,0.0,0.0
./drr/63.png,-5.0,-5.0,-5.0,0.0,0.0,2.5
./drr/64.png,-5.0,-5.0,-5.0,0.0,0.0,5.0
./drr/65.png,-5.0,-5.0,-5.0,0.0,2.5,-5.0
./drr/66.png,-5.0,-5.0,-5.0,0.0,2.5,-2.5
./drr/67.png,-5.0,-5.0,-5.0,0.0,2.5,0.0
./drr/68.png,-5.0,-5.0,-5.0,0.0,2.5,2.5
./drr/69.png,-5.0,-5.0,-5.0,0.0,2.5,5.0
./drr/70.png,-5.0,-5.0,-5.0,0.0,5.0,-5.0
./drr/71.png,-5.0,-5.0,-5.0,0.0,5.0,-2.5
./drr/72.png,-5.0,-5.0,-5.0,0.0,5.0,0.0
./drr/73.png,-5.0,-5.0,-5.0,0.0,5.0,2.5
./drr/74.png,-5.0,-5.0,-5.0,0.0,5.0,5.0
./drr/75.png,-5.0,-5.0,-5.0,2.5,-5.0,-5.0
./drr/76.png,-5.0,-5.0,-5.0,2.5,-5.0,-2.5
./drr/77.png,-5.0,-5.0,-5.0,2.5,-5.0,0.0
./drr/78.png,-5.0,-5.0,-5.0,2.5,-5.0,2.5
./drr/79.png,-5.0,-5.0,-5.0,2.5,-5.0,5.0
./drr/80.png,-5.0,-5.0,-5.0,2.5,-2.5,-5.0
./drr/81.png,-5.0,-5.0,-5.0,2.5,-2.5,-2.5
./drr/82.png,-5.0,-5.0,-5.0,2.5,-2.5,0.0
./drr/83.png,-5.0,-5.0,-5.0,2.5,-2.5,2.5
./drr/84.png,-5.0,-5.0,-5.0,2.5,-2.5,5.0
./drr/85.png,-5.0,-5.0,-5.0,2.5,0.0,-5.0
./drr/86.png,-5.0,-5.0,-5.0,2.5,0.0,-2.5
./drr/87.png,-5.0,-5.0,-5.0,2.5,0.0,0.0
./drr/88.png,-5.0,-5.0,-5.0,2.5,0.0,2.5
./drr/89.png,-5.0,-5.0,-5.0,2.5,0.0,5.0
./drr/90.png,-5.0,-5.0,-5.0,2.5,2.5,-5.0
./drr/91.png,-5.0,-5.0,-5.0,2.5,2.5,-2.5
./drr/92.png,-5.0,-5.0,-5.0,2.5,2.5,0.0
./drr/93.png,-5.0,-5.0,-5.0,2.5,2.5,2.5
./drr/94.png,-5.0,-5.0,-5.0,2.5,2.5,5.0
./drr/95.png,-5.0,-5.0,-5.0,2.5,5.0,-5.0
./drr/96.png,-5.0,-5.0,-5.0,2.5,5.0,-2.5
./drr/97.png,-5.0,-5.0,-5.0,2.5,5.0,0.0
./drr/98.png,-5.0,-5.0,-5.0,2.5,5.0,2.5
./drr/99.png,-5.0,-5.0,-5.0,2.5,5.0,5.0
./drr/100.png,-5.0,-5.0,-5.0,5.0,-5.0,-5.0
./drr/101.png,-5.0,-5.0,-5.0,5.0,-5.0,-2.5
./drr/102.png,-5.0,-5.0,-5.0,5.0,-5.0,0.0
./drr/103.png,-5.0,-5.0,-5.0,5.0,-5.0,2.5
./drr/104.png,-5.0,-5.0,-5.0,5.0,-5.0,5.0
./drr/105.png,-5.0,-5.0,-5.0,5.0,-2.5,-5.0
./drr/106.png,-5.0,-5.0,-5.0,5.0,-2.5,-2.5
./drr/107.png,-5.0,-5.0,-5.0,5.0,-2.5,0.0
./drr/108.png,-5.0,-5.0,-5.0,5.0,-2.5,2.5
./drr/109.png,-5.0,-5.0,-5.0,5.0,-2.5,5.0
./drr/110.png,-5.0,-5.0,-5.0,5.0,0.0,-5.0
./drr/111.png,-5.0,-5.0,-5.0,5.0,0.0,-2.5
./drr/112.png,-5.0,-5.0,-5.0,5.0,0.0,0.0
./drr/113.png,-5.0,-5.0,-5.0,5.0,0.0,2.5
./drr/114.png,-5.0,-5.0,-5.0,5.0,0.0,5.0
./drr/115.png,-5.0,-5.0,-5.0,5.0,2.5,-5.0
./drr/116.png,-5.0,-5.0,-5.0,5.0,2.5,-2.5
./drr/117.png,-5.0,-5.0,-5.0,5.0,2.5,0.0
./drr/118.png,-5.0,-5.0,-5.0,5.0,2.5,2.5
./drr/119.png,-5.0,-5.0,-5.0,5.0,2.5,5.0
./drr/120.png,-5.0,-5.0,-5.0,5.0,5.0,-5.0
./drr/121.png,-5.0,-5.0,-5.0,5.0,5.0,-2.5
./drr/122.png,-5.0,-5.0,-5.0,5.0,5.0,0.0
./drr/123.png,-5.0,-5.0,-5.0,5.0,5.0,2.5
./drr/124.png,-5.0,-5.0,-5.0,5.0,5.0,5.0
./drr/125.png,-5.0,-5.0,5.0,-5.0,-5.0,-5.0
./drr/126.png,-5.0,-5.0,5.0,-5.0,-5.0,-2.5
./drr/127.png,-5.0,-5.0,5.0,-5.0,-5.0,0.0
./drr/128.png,-5.0,-5.0,5.0,-5.0,-5.0,2.5
./drr/129.png,-5.0,-5.0,5.0,-5.0,-5.0,5.0
./drr/130.png,-5.0,-5.0,5.0,-5.0,-2.5,-5.0
./drr/131.png,-5.0,-5.0,5.0,-5.0,-2.5,-2.5
./drr/132.png,-5.0,-5.0,5.0,-5.0,-2.5,0.0
./drr/133.png,-5.0,-5.0,5.0,-5.0,-2.5,2.5
./drr/134.png,-5.0,-5.0,5.0,-5.0,-2.5,5.0
./drr/135.png,-5.0,-5.0,5.0,-5.0,0.0,-5.0
./drr/136.png,-5.0,-5.0,5.0,-5.0,0.0,-2.5
./drr/137.png,-5.0,-5.0,5.0,-5.0,0.0,0.0
./drr/138.png,-5.0,-5.0,5.0,-5.0,0.0,2.5
./drr/139.png,-5.0,-5.0,5.0,-5.0,0.0,5.0
./drr/140.png,-5.0,-5.0,5.0,-5.0,2.5,-5.0
./drr/141.png,-5.0,-5.0,5.0,-5.0,2.5,-2.5
./drr/142.png,-5.0,-5.0,5.0,-5.0,2.5,0.0
./drr/143.png,-5.0,-5.0,5.0,-5.0,2.5,2.5
./drr/144.png,-5.0,-5.0,5.0,-5.0,2.5,5.0
./drr/145.png,-5.0,-5.0,5.0,-5.0,5.0,-5.0
./drr/146.png,-5.0,-5.0,5.0,-5.0,5.0,-2.5
./drr/147.png,-5.0,-5.0,5.0,-5.0,5.0,0.0
./drr/148.png,-5.0,-5.0,5.0,-5.0,5.0,2.5
./drr/149.png,-5.0,-5.0,5.0,-5.0,5.0,5.0
./drr/150.png,-5.0,-5.0,5.0,-2.5,-5.0,-5.0
./drr/151.png,-5.0,-5.0,5.0,-2.5,-5.0,-2.5
./drr/152.png,-5.0,-5.0,5.0,-2.5,-5.0,0.0
./drr/153.png,-5.0,-5.0,5.0,-2.5,-5.0,2.5
./drr/154.png,-5.0,-5.0,5.0,-2.5,-5.0,5.0
./drr/155.png,-5.0,-5.0,5.0,-2.5,-2.5,-5.0
./drr/156.png,-5.0,-5.0,5.0,-2.5,-2.5,-2.5
./drr/157.png,-5.0,-5.0,5.0,-2.5,-2.5,0.0
./drr/158.png,-5.0,-5.0,5.0,-2.5,-2.5,2.5
./drr/159.png,-5.0,-5.0,5.0,-2.5,-2.5,5.0
./drr/160.png,-5.0,-5.0,5.0,-2.5,0.0,-5.0
./drr/161.png,-5.0,-5.0,5.0,-2.5,0.0,-2.5
./drr/162.png,-5.0,-5.0,5.0,-2.5,0.0,0.0
./drr/163.png,-5.0,-5.0,5.0,-2.5,0.0,2.5
./drr/164.png,-5.0,-5.0,5.0,-2.5,0.0,5.0
./drr/165.png,-5.0,-5.0,5.0,-2.5,2.5,-5.0
./drr/166.png,-5.0,-5.0,5.0,-2.5,2.5,-2.5
./drr/167.png,-5.0,-5.0,5.0,-2.5,2.5,0.0
./drr/168.png,-5.0,-5.0,5.0,-2.5,2.5,2.5
./drr/169.png,-5.0,-5.0,5.0,-2.5,2.5,5.0
./drr/170.png,-5.0,-5.0,5.0,-2.5,5.0,-5.0
./drr/171.png,-5.0,-5.0,5.0,-2.5,5.0,-2.5
./drr/172.png,-5.0,-5.0,5.0,-2.5,5.0,0.0
./drr/173.png,-5.0,-5.0,5.0,-2.5,5.0,2.5
./drr/174.png,-5.0,-5.0,5.0,-2.5,5.0,5.0
./drr/175.png,-5.0,-5.0,5.0,0.0,-5.0,-5.0
./drr/176.png,-5.0,-5.0,5.0,0.0,-5.0,-2.5
./drr/177.png,-5.0,-5.0,5.0,0.0,-5.0,0.0
./drr/178.png,-5.0,-5.0,5.0,0.0,-5.0,2.5
./drr/179.png,-5.0,-5.0,5.0,0.0,-5.0,5.0
./drr/180.png,-5.0,-5.0,5.0,0.0,-2.5,-5.0
./drr/181.png,-5.0,-5.0,5.0,0.0,-2.5,-2.5
./drr/182.png,-5.0,-5.0,5.0,0.0,-2.5,0.0
./drr/183.png,-5.0,-5.0,5.0,0.0,-2.5,2.5
./drr/184.png,-5.0,-5.0,5.0,0.0,-2.5,5.0
./drr/185.png,-5.0,-5.0,5.0,0.0,0.0,-5.0
./drr/186.png,-5.0,-5.0,5.0,0.0,0.0,-2.5
./drr/187.png,-5.0,-5.0,5.0,0.0,0.0,0.0
./drr/188.png,-5.0,-5.0,5.0,0.0,0.0,2.5
./drr/189.png,-5.0,-5.0,5.0,0.0,0.0,5.0
./drr/190.png,-5.0,-5.0,5.0,0.0,2.5,-5.0
./drr/191.png,-5.0,-5.0,5.0,0.0,2.5,-2.5
./drr/192.png,-5.0,-5.0,5.0,0.0,2.5,0.0
./drr/193.png,-5.0,-5.0,5.0,0.0,2.5,2.5
./drr/194.png,-5.0,-5.0,5.0,0.0,2.5,5.0
./drr/195.png,-5.0,-5.0,5.0,0.0,5.0,-5.0
./drr/196.png,-5.0,-5.0,5.0,0.0,5.0,-2.5
./drr/197.png,-5.0,-5.0,5.0,0.0,5.0,0.0
./drr/198.png,-5.0,-5.0,5.0,0.0,5.0,2.5
./drr/199.png,-5.0,-5.0,5.0,0.0,5.0,5.0
./drr/200.png,-5.0,-5.0,5.0,2.5,-5.0,-5.0
./drr/201.png,-5.0,-5.0,5.0,2.5,-5.0,-2.5
./drr/202.png,-5.0,-5.0,5.0,2.5,-5.0,0.0
./drr/203.png,-5.0,-5.0,5.0,2.5,-5.0,2.5
./drr/204.png,-5.0,-5.0,5.0,2.5,-5.0,5.0
./drr/205.png,-5.0,-5.0,5.0,2.5,-2.5,-5.0
./drr/206.png,-5.0,-5.0,5.0,2.5,-2.5,-2.5
./drr/207.png,-5.0,-5.0,5.0,2.5,-2.5,0.0
./drr/208.png,-5.0,-5.0,5.0,2.5,-2.5,2.5
./drr/209.png,-5.0,-5.0,5.0,2.5,-2.5,5.0
./drr/210.png,-5.0,-5.0,5.0,2.5,0.0,-5.0
./drr/211.png,-5.0,-5.0,5.0,2.5,0.0,-2.5
./drr/212.png,-5.0,-5.0,5.0,2.5,0.0,0.0
./drr/213.png,-5.0,-5.0,5.0,2.5,0.0,2.5
./drr/214.png,-5.0,-5.0,5.0,2.5,0.0,5.0
./drr/215.png,-5.0,-5.0,5.0,2.5,2.5,-5.0
./drr/216.png,-5.0,-5.0,5.0,2.5,2.5,-2.5
./drr/217.png,-5.0,-5.0,5.0,2.5,2.5,0.0
./drr/218.png,-5.0,-5.0,5.0,2.5,2.5,2.5
./drr/219.png,-5.0,-5.0,5.0,2.5,2.5,5.0
./drr/220.png,-5.0,-5.0,5.0,2.5,5.0,-5.0
./drr/221.png,-5.0,-5.0,5.0,2.5,5.0,-2.5
./drr/222.png,-5.0,-5.0,5.0,2.5,5.0,0.0
./drr/223.png,-5.0,-5.0,5.0,2.5,5.0,2.5
./drr/224.png,-5.0,-5.0,5.0,2.5,5.0,5.0
./drr/225.png,-5.0,-5.0,5.0,5.0,-5.0,-5.0
./drr/226.png,-5.0,-5.0,5.0,5.0,-5.0,-2.5
./drr/227.png,-5.0,-5.0,5.0,5.0,-5.0,0.0
./drr/228.png,-5.0,-5.0,5.0,5.0,-5.0,2.5
./drr/229.png,-5.0,-5.0,5.0,5.0,-5.0,5.0
./drr/230.png,-5.0,-5.0,5.0,5.0,-2.5,-5.0
./drr/231.png,-5.0,-5.0,5.0,5.0,-2.5,-2.5
./drr/232.png,-5.0,-5.0,5.0,5.0,-2.5,0.0
./drr/233.png,-5.0,-5.0,5.0,5.0,-2.5,2.5
./drr/234.png,-5.0,-5.0,5.0,5.0,-2.5,5.0
./drr/235.png,-5.0,-5.0,5.0,5.0,0.0,-5.0
./drr/236.png,-5.0,-5.0,5.0,5.0,0.0,-2.5
./drr/237.png,-5.0,-5.0,5.0,5.0,0.0,0.0
./drr/238.png,-5.0,-5.0,5.0,5.0,0.0,2.5
./drr/239.png,-5.0,-5.0,5.0,5.0,0.0,5.0
./drr/240.png,-5.0,-5.0,5.0,5.0,2.5,-5.0
./drr/241.png,-5.0,-5.0,5.0,5.0,2.5,-2.5
./drr/242.png,-5.0,-5.0,5.0,5.0,2.5,0.0
./drr/243.png,-5.0,-5.0,5.0,5.0,2.5,2.5
./drr/244.png,-5.0,-5.0,5.0,5.0,2.5,5.0
./drr/245.png,-5.0,-5.0,5.0,5.0,5.0,-5.0
./drr/246.png,-5.0,-5.0,5.0,5.0,5.0,-2.5
./drr/247.png,-5.0,-5.0,5.0,5.0,5.0,0.0
./drr/248.png,-5.0,-5.0,5.0,5.0,5.0,2.5
./drr/249.png,-5.0,-5.0,5.0,5.0,5.0,5.0
./drr/250.png,-5.0,5.0,-5.0,-5.0,-5.0,-5.0
./drr/251.png,-5.0,5.0,-5.0,-5.0,-5.0,-2.5
./drr/252.png,-5.0,5.0,-5.0,-5.0,-5.0,0.0
./drr/253.png,-5.0,5.0,-5.0,-5.0,-5.0,2.5
./drr/254.png,-5.0,5.0,-5.0,-5.0,-5.0,5.0
./drr/255.png,-5.0,5.0,-5.0,-5.0,-2.5,-5.0
./drr/256.png,-5.0,5.0,-5.0,-5.0,-2.5,-2.5
./drr/257.png,-5.0,5.0,-5.0,-5.0,-2.5,0.0
./drr/258.png,-5.0,5.0,-5.0,-5.0,-2.5,2.5
./drr/259.png,-5.0,5.0,-5.0,-5.0,-2.5,5.0
./drr/260.png,-5.0,5.0,-5.0,-5.0,0.0,-5.0
./drr/261.png,-5.0,5.0,-5.0,-5.0,0.0,-2.5
./drr/262.png,-5.0,5.0,-5.0,-5.0,0.0,0.0
./drr/263.png,-5.0,5.0,-5.0,-5.0,0.0,2.5
./drr/264.png,-5.0,5.0,-5.0,-5.0,0.0,5.0
./drr/265.png,-5.0,5.0,-5.0,-5.0,2.5,-5.0
./drr/266.png,-5.0,5.0,-5.0,-5.0,2.5,-2.5
./drr/267.png,-5.0,5.0,-5.0,-5.0,2.5,0.0
./drr/268.png,-5.0,5.0,-5.0,-5.0,2.5,2.5
./drr/269.png,-5.0,5.0,-5.0,-5.0,2.5,5.0
./drr/270.png,-5.0,5.0,-5.0,-5.0,5.0,-5.0
./drr/271.png,-5.0,5.0,-5.0,-5.0,5.0,-2.5
./drr/272.png,-5.0,5.0,-5.0,-5.0,5.0,0.0
./drr/273.png,-5.0,5.0,-5.0,-5.0,5.0,2.5
./drr/274.png,-5.0,5.0,-5.0,-5.0,5.0,5.0
./drr/275.png,-5.0,5.0,-5.0,-2.5,-5.0,-5.0
./drr/276.png,-5.0,5.0,-5.0,-2.5,-5.0,-2.5
./drr/277.png,-5.0,5.0,-5.0,-2.5,-5.0,0.0
./drr/278.png,-5.0,5.0,-5.0,-2.5,-5.0,2.5
./drr/279.png,-5.0,5.0,-5.0,-2.5,-5.0,5.0
./drr/280.png,-5.0,5.0,-5.0,-2.5,-2.5,-5.0
./drr/281.png,-5.0,5.0,-5.0,-2.5,-2.5,-2.5
./drr/282.png,-5.0,5.0,-5.0,-2.5,-2.5,0.0
./drr/283.png,-5.0,5.0,-5.0,-2.5,-2.5,2.5
./drr/284.png,-5.0,5.0,-5.0,-2.5,-2.5,5.0
./drr/285.png,-5.0,5.0,-5.0,-2.5,0.0,-5.0
./drr/286.png,-5.0,5.0,-5.0,-2.5,0.0,-2.5
./drr/287.png,-5.0,5.0,-5.0,-2.5,0.0,0.0
./drr/288.png,-5.0,5.0,-5.0,-2.5,0.0,2.5
./drr/289.png,-5.0,5.0,-5.0,-2.5,0.0,5.0
./drr/290.png,-5.0,5.0,-5.0,-2.5,2.5,-5.0
./drr/291.png,-5.0,5.0,-5.0,-2.5,2.5,-2.5
./drr/292.png,-5.0,5.0,-5.0,-2.5,2.5,0.0
./drr/293.png,-5.0,5.0,-5.0,-2.5,2.5,2.5
./drr/294.png,-5.0,5.0,-5.0,-2.5,2.5,5.0
./drr/295.png,-5.0,5.0,-5.0,-2.5,5.0,-5.0
./drr/296.png,-5.0,5.0,-5.0,-2.5,5.0,-2.5
./drr/297.png,-5.0,5.0,-5.0,-2.5,5.0,0.0
./drr/298.png,-5.0,5.0,-5.0,-2.5,5.0,2.5
./drr/299.png,-5.0,5.0,-5.0,-2.5,5.0,5.0
./drr/300.png,-5.0,5.0,-5.0,0.0,-5.0,-5.0
./drr/301.png,-5.0,5.0,-5.0,0.0,-5.0,-2.5
./drr/302.png,-5.0,5.0,-5.0,0.0,-5.0,0.0
./drr/303.png,-5.0,5.0,-5.0,0.0,-5.0,2.5
./drr/304.png,-5.0,5.0,-5.0,0.0,-5.0,5.0
./drr/305.png,-5.0,5.0,-5.0,0.0,-2.5,-5.0
./drr/306.png,-5.0,5.0,-5.0,0.0,-2.5,-2.5
./drr/307.png,-5.0,5.0,-5.0,0.0,-2.5,0.0
./drr/308.png,-5.0,5.0,-5.0,0.0,-2.5,2.5
./drr/309.png,-5.0,5.0,-5.0,0.0,-2.5,5.0
./drr/310.png,-5.0,5.0,-5.0,0.0,0.0,-5.0
./drr/311.png,-5.0,5.0,-5.0,0.0,0.0,-2.5
./drr/312.png,-5.0,5.0,-5.0,0.0,0.0,0.0
./drr/313.png,-5.0,5.0,-5.0,0.0,0.0,2.5
./drr/314.png,-5.0,5.0,-5.0,0.0,0.0,5.0
./drr/315.png,-5.0,5.0,-5.0,0.0,2.5,-5.0
./drr/316.png,-5.0,5.0,-5.0,0.0,2.5,-2.5
./drr/317.png,-5.0,5.0,-5.0,0.0,2.5,0.0
./drr/318.png,-5.0,5.0,-5.0,0.0,2.5,2.5
./drr/319.png,-5.0,5.0,-5.0,0.0,2.5,5.0
./drr/320.png,-5.0,5.0,-5.0,0.0,5.0,-5.0
./drr/321.png,-5.0,5.0,-5.0,0.0,5.0,-2.5
./drr/322.png,-5.0,5.0,-5.0,0.0,5.0,0.0
./drr/323.png,-5.0,5.0,-5.0,0.0,5.0,2.5
./drr/324.png,-5.0,5.0,-5.0,0.0,5.0,5.0
./drr/325.png,-5.0,5.0,-5.0,2.5,-5.0,-5.0
./drr/326.png,-5.0,5.0,-5.0,2.5,-5.0,-2.5
./drr/327.png,-5.0,5.0,-5.0,2.5,-5.0,0.0
./drr/328.png,-5.0,5.0,-5.0,2.5,-5.0,2.5
./drr/329.png,-5.0,5.0,-5.0,2.5,-5.0,5.0
./drr/330.png,-5.0,5.0,-5.0,2.5,-2.5,-5.0
./drr/331.png,-5.0,5.0,-5.0,2.5,-2.5,-2.5
./drr/332.png,-5.0,5.0,-5.0,2.5,-2.5,0.0
./drr/333.png,-5.0,5.0,-5.0,2.5,-2.5,2.5
./drr/334.png,-5.0,5.0,-5.0,2.5,-2.5,5.0
./drr/335.png,-5.0,5.0,-5.0,2.5,0.0,-5.0
./drr/336.png,-5.0,5.0,-5.0,2.5,0.0,-2.5
./drr/337.png,-5.0,5.0,-5.0,2.5,0.0,0.0
./drr/338.png,-5.0,5.0,-5.0,2.5,0.0,2.5
./drr/339.png,-5.0,5.0,-5.0,2.5,0.0,5.0
./drr/340.png,-5.0,5.0,-5.0,2.5,2.5,-5.0
./drr/341.png,-5.0,5.0,-5.0,2.5,2.5,-2.5
./drr/342.png,-5.0,5.0,-5.0,2.5,2.5,0.0
./drr/343.png,-5.0,5.0,-5.0,2.5,2.5,2.5
./drr/344.png,-5.0,5.0,-5.0,2.5,2.5,5.0
./drr/345.png,-5.0,5.0,-5.0,2.5,5.0,-5.0
./drr/346.png,-5.0,5.0,-5.0,2.5,5.0,-2.5
./drr/347.png,-5.0,5.0,-5.0,2.5,5.0,0.0
./drr/348.png,-5.0,5.0,-5.0,2.5,5.0,2.5
./drr/349.png,-5.0,5.0,-5.0,2.5,5.0,5.0
./drr/350.png,-5.0,5.0,-5.0,5.0,-5.0,-5.0
./drr/351.png,-5.0,5.0,-5.0,5.0,-5.0,-2.5
./drr/352.png,-5.0,5.0,-5.0,5.0,-5.0,0.0
./drr/353.png,-5.0,5.0,-5.0,5.0,-5.0,2.5
./drr/354.png,-5.0,5.0,-5.0,5.0,-5.0,5.0
./drr/355.png,-5.0,5.0,-5.0,5.0,-2.5,-5.0
./drr/356.png,-5.0,5.0,-5.0,5.0,-2.5,-2.5
./drr/357.png,-5.0,5.0,-5.0,5.0,-2.5,0.0
./drr/358.png,-5.0,5.0,-5.0,5.0,-2.5,2.5
./drr/359.png,-5.0,5.0,-5.0,5.0,-2.5,5.0
./drr/360.png,-5.0,5.0,-5.0,5.0,0.0,-5.0
./drr/361.png,-5.0,5.0,-5.0,5.0,0.0,-2.5
./drr/362.png,-5.0,5.0,-5.0,5.0,0.0,0.0
./drr/363.png,-5.0,5.0,-5.0,5.0,0.0,2.5
./drr/364.png,-5.0,5.0,-5.0,5.0,0.0,5.0
./drr/365.png,-5.0,5.0,-5.0,5.0,2.5,-5.0
./drr/366.png,-5.0,5.0,-5.0,5.0,2.5,-2.5
./drr/367.png,-5.0,5.0,-5.0,5.0,2.5,0.0
./drr/368.png,-5.0,5.0,-5.0,5.0,2.5,2.5
./drr/369.png,-5.0,5.0,-5.0,5.0,2.5,5.0
./drr/370.png,-5.0,5.0,-5.0,5.0,5.0,-5.0
./drr/371.png,-5.0,5.0,-5.0,5.0,5.0,-2.5
./drr/372.png,-5.0,5.0,-5.0,5.0,5.0,0.0
./drr/373.png,-5.0,5.0,-5.0,5.0,5.0,2.5
./drr/374.png,-5.0,5.0,-5.0,5.0,5.0,5.0
./drr/375.png,-5.0,5.0,5.0,-5.0,-5.0,-5.0
./drr/376.png,-5.0,5.0,5.0,-5.0,-5.0,-2.5
./drr/377.png,-5.0,5.0,5.0,-5.0,-5.0,0.0
./drr/378.png,-5.0,5.0,5.0,-5.0,-5.0,2.5
./drr/379.png,-5.0,5.0,5.0,-5.0,-5.0,5.0
./drr/380.png,-5.0,5.0,5.0,-5.0,-2.5,-5.0
./drr/381.png,-5.0,5.0,5.0,-5.0,-2.5,-2.5
./drr/382.png,-5.0,5.0,5.0,-5.0,-2.5,0.0
./drr/383.png,-5.0,5.0,5.0,-5.0,-2.5,2.5
./drr/384.png,-5.0,5.0,5.0,-5.0,-2.5,5.0
./drr/385.png,-5.0,5.0,5.0,-5.0,0.0,-5.0
./drr/386.png,-5.0,5.0,5.0,-5.0,0.0,-2.5
./drr/387.png,-5.0,5.0,5.0,-5.0,0.0,0.0
./drr/388.png,-5.0,5.0,5.0,-5.0,0.0,2.5
./drr/389.png,-5.0,5.0,5.0,-5.0,0.0,5.0
./drr/390.png,-5.0,5.0,5.0,-5.0,2.5,-5.0
./drr/391.png,-5.0,5.0,5.0,-5.0,2.5,-2.5
./drr/392.png,-5.0,5.0,5.0,-5.0,2.5,0.0
./drr/393.png,-5.0,5.0,5.0,-5.0,2.5,2.5
./drr/394.png,-5.0,5.0,5.0,-5.0,2.5,5.0
./drr/395.png,-5.0,5.0,5.0,-5.0,5.0,-5.0
./drr/396.png,-5.0,5.0,5.0,-5.0,5.0,-2.5
./drr/397.png,-5.0,5.0,5.0,-5.0,5.0,0.0
./drr/398.png,-5.0,5.0,5.0,-5.0,5.0,2.5
./drr/399.png,-5.0,5.0,5.0,-5.0,5.0,5.0
./drr/400.png,-5.0,5.0,5.0,-2.5,-5.0,-5.0
./drr/401.png,-5.0,5.0,5.0,-2.5,-5.0,-2.5
./drr/402.png,-5.0,5.0,5.0,-2.5,-5.0,0.0
./drr/403.png,-5.0,5.0,5.0,-2.5,-5.0,2.5
./drr/404.png,-5.0,5.0,5.0,-2.5,-5.0,5.0
./drr/405.png,-5.0,5.0,5.0,-2.5,-2.5,-5.0
./drr/406.png,-5.0,5.0,5.0,-2.5,-2.5,-2.5
./drr/407.png,-5.0,5.0,5.0,-2.5,-2.5,0.0
./drr/408.png,-5.0,5.0,5.0,-2.5,-2.5,2.5
./drr/409.png,-5.0,5.0,5.0,-2.5,-2.5,5.0
./drr/410.png,-5.0,5.0,5.0,-2.5,0.0,-5.0
./drr/411.png,-5.0,5.0,5.0,-2.5,0.0,-2.5
./drr/412.png,-5.0,5.0,5.0,-2.5,0.0,0.0
./drr/413.png,-5.0,5.0,5.0,-2.5,0.0,2.5
./drr/414.png,-5.0,5.0,5.0,-2.5,0.0,5.0
./drr/415.png,-5.0,5.0,5.0,-2.5,2.5,-5.0
./drr/416.png,-5.0,5.0,5.0,-2.5,2.5,-2.5
./drr/417.png,-5.0,5.0,5.0,-2.5,2.5,0.0
./drr/418.png,-5.0,5.0,5.0,-2.5,2.5,2.5
./drr/419.png,-5.0,5.0,5.0,-2.5,2.5,5.0
./drr/420.png,-5.0,5.0,5.0,-2.5,5.0,-5.0
./drr/421.png,-5.0,5.0,5.0,-2.5,5.0,-2.5
./drr/422.png,-5.0,5.0,5.0,-2.5,5.0,0.0
./drr/423.png,-5.0,5.0,5.0,-2.5,5.0,2.5
./drr/424.png,-5.0,5.0,5.0,-2.5,5.0,5.0
./drr/425.png,-5.0,5.0,5.0,0.0,-5.0,-5.0
./drr/426.png,-5.0,5.0,5.0,0.0,-5.0,-2.5
./drr/427.png,-5.0,5.0,5.0,0.0,-5.0,0.0
./drr/428.png,-5.0,5.0,5.0,0.0,-5.0,2.5
./drr/429.png,-5.0,5.0,5.0,0.0,-5.0,5.0
./drr/430.png,-5.0,5.0,5.0,0.0,-2.5,-5.0
./drr/431.png,-5.0,5.0,5.0,0.0,-2.5,-2.5
./drr/432.png,-5.0,5.0,5.0,0.0,-2.5,0.0
./drr/433.png,-5.0,5.0,5.0,0.0,-2.5,2.5
./drr/434.png,-5.0,5.0,5.0,0.0,-2.5,5.0
./drr/435.png,-5.0,5.0,5.0,0.0,0.0,-5.0
./drr/436.png,-5.0,5.0,5.0,0.0,0.0,-2.5
./drr/437.png,-5.0,5.0,5.0,0.0,0.0,0.0
./drr/438.png,-5.0,5.0,5.0,0.0,0.0,2.5
./drr/439.png,-5.0,5.0,5.0,0.0,0.0,5.0
./drr/440.png,-5.0,5.0,5.0,0.0,2.5,-5.0
./drr/441.png,-5.0,5.0,5.0,0.0,2.5,-2.5
./drr/442.png,-5.0,5.0,5.0,0.0,2.5,0.0
./drr/443.png,-5.0,5.0,5.0,0.0,2.5,2.5
./drr/444.png,-5.0,5.0,5.0,0.0,2.5,5.0
./drr/445.png,-5.0,5.0,5.0,0.0,5.0,-5.0
./drr/446.png,-5.0,5.0,5.0,0.0,5.0,-2.5
./drr/447.png,-5.0,5.0,5.0,0.0,5.0,0.0
./drr/448.png,-5.0,5.0,5.0,0.0,5.0,2.5
./drr/449.png,-5.0,5.0,5.0,0.0,5.0,5.0
./drr/450.png,-5.0,5.0,5.0,2.5,-5.0,-5.0
./drr/451.png,-5.0,5.0,5.0,2.5,-5.0,-2.5
./drr/452.png,-5.0,5.0,5.0,2.5,-5.0,0.0
./drr/453.png,-5.0,5.0,5.0,2.5,-5.0,2.5
./drr/454.png,-5.0,5.0,5.0,2.5,-5.0,5.0
./drr/455.png,-5.0,5.0,5.0,2.5,-2.5,-5.0
./drr/456.png,-5.0,5.0,5.0,2.5,-2.5,-2.5
./drr/457.png,-5.0,5.0,5.0,2.5,-2.5,0.0
./drr/458.png,-5.0,5.0,5.0,2.5,-2.5,2.5
./drr/459.png,-5.0,5.0,5.0,2.5,-2.5,5.0
./drr/460.png,-5.0,5.0,5.0,2.5,0.0,-5.0
./drr/461.png,-5.0,5.0,5.0,2.5,0.0,-2.5
./drr/462.png,-5.0,5.0,5.0,2.5,0.0,0.0
./drr/463.png,-5.0,5.0,5.0,2.5,0.0,2.5
./drr/464.png,-5.0,5.0,5.0,2.5,0.0,5.0
./drr/465.png,-5.0,5.0,5.0,2.5,2.5,-5.0
./drr/466.png,-5.0,5.0,5.0,2.5,2.5,-2.5
./drr/467.png,-5.0,5.0,5.0,2.5,2.5,0.0
./drr/468.png,-5.0,5.0,5.0,2.5,2.5,2.5
./drr/469.png,-5.0,5.0,5.0,2.5,2.5,5.0
./drr/470.png,-5.0,5.0,5.0,2.5,5.0,-5.0
./drr/471.png,-5.0,5.0,5.0,2.5,5.0,-2.5
./drr/472.png,-5.0,5.0,5.0,2.5,5.0,0.0
./drr/473.png,-5.0,5.0,5.0,2.5,5.0,2.5
./drr/474.png,-5.0,5.0,5.0,2.5,5.0,5.0
./drr/475.png,-5.0,5.0,5.0,5.0,-5.0,-5.0
./drr/476.png,-5.0,5.0,5.0,5.0,-5.0,-2.5
./drr/477.png,-5.0,5.0,5.0,5.0,-5.0,0.0
./drr/478.png,-5.0,5.0,5.0,5.0,-5.0,2.5
./drr/479.png,-5.0,5.0,5.0,5.0,-5.0,5.0
./drr/480.png,-5.0,5.0,5.0,5.0,-2.5,-5.0
./drr/481.png,-5.0,5.0,5.0,5.0,-2.5,-2.5
./drr/482.png,-5.0,5.0,5.0,5.0,-2.5,0.0
./drr/483.png,-5.0,5.0,5.0,5.0,-2.5,2.5
./drr/484.png,-5.0,5.0,5.0,5.0,-2.5,5.0
./drr/485.png,-5.0,5.0,5.0,5.0,0.0,-5.0
./drr/486.png,-5.0,5.0,5.0,5.0,0.0,-2.5
./drr/487.png,-5.0,5.0,5.0,5.0,0.0,0.0
./drr/488.png,-5.0,5.0,5.0,5.0,0.0,2.5
./drr/489.png,-5.0,5.0,5.0,5.0,0.0,5.0
./drr/490.png,-5.0,5.0,5.0,5.0,2.5,-5.0
./drr/491.png,-5.0,5.0,5.0,5.0,2.5,-2.5
./drr/492.png,-5.0,5.0,5.0,5.0,2.5,0.0
./drr/493.png,-5.0,5.0,5.0,5.0,2.5,2.5
./drr/494.png,-5.0,5.0,5.0,5.0,2.5,5.0
./drr/495.png,-5.0,5.0,5.0,5.0,5.0,-5.0
./drr/496.png,-5.0,5.0,5.0,5.0,5.0,-2.5
./drr/497.png,-5.0,5.0,5.0,5.0,5.0,0.0
./drr/498.png,-5.0,5.0,5.0,5.0,5.0,2.5
./drr/499.png,-5.0,5.0,5.0,5.0,5.0,5.0
./drr/500.png,5.0,-5.0,-5.0,-5.0,-5.0,-5.0
./drr/501.png,5.0,-5.0,-5.0,-5.0,-5.0,-2.5
./drr/502.png,5.0,-5.0,-5.0,-5.0,-5.0,0.0
./drr/503.png,5.0,-5.0,-5.0,-5.0,-5.0,2.5
./drr/504.png,5.0,-5.0,-5.0,-5.0,-5.0,5.0
./drr/505.png,5.0,-5.0,-5.0,-5.0,-2.5,-5.0
./drr/506.png,5.0,-5.0,-5.0,-5.0,-2.5,-2.5
./drr/507.png,5.0,-5.0,-5.0,-5.0,-2.5,0.0
./drr/508.png,5.0,-5.0,-5.0,-5.0,-2.5,2.5
./drr/509.png,5.0,-5.0,-5.0,-5.0,-2.5,5.0
./drr/510.png,5.0,-5.0,-5.0,-5.0,0.0,-5.0
./drr/511.png,5.0,-5.0,-5.0,-5.0,0.0,-2.5
./drr/512.png,5.0,-5.0,-5.0,-5.0,0.0,0.0
./drr/513.png,5.0,-5.0,-5.0,-5.0,0.0,2.5
./drr/514.png,5.0,-5.0,-5.0,-5.0,0.0,5.0
./drr/515.png,5.0,-5.0,-5.0,-5.0,2.5,-5.0
./drr/516.png,5.0,-5.0,-5.0,-5.0,2.5,-2.5
./drr/517.png,5.0,-5.0,-5.0,-5.0,2.5,0.0
./drr/518.png,5.0,-5.0,-5.0,-5.0,2.5,2.5
./drr/519.png,5.0,-5.0,-5.0,-5.0,2.5,5.0
./drr/520.png,5.0,-5.0,-5.0,-5.0,5.0,-5.0
./drr/521.png,5.0,-5.0,-5.0,-5.0,5.0,-2.5
./drr/522.png,5.0,-5.0,-5.0,-5.0,5.0,0.0
./drr/523.png,5.0,-5.0,-5.0,-5.0,5.0,2.5
./drr/524.png,5.0,-5.0,-5.0,-5.0,5.0,5.0
./drr/525.png,5.0,-5.0,-5.0,-2.5,-5.0,-5.0
./drr/526.png,5.0,-5.0,-5.0,-2.5,-5.0,-2.5
./drr/527.png,5.0,-5.0,-5.0,-2.5,-5.0,0.0
./drr/528.png,5.0,-5.0,-5.0,-2.5,-5.0,2.5
./drr/529.png,5.0,-5.0,-5.0,-2.5,-5.0,5.0
./drr/530.png,5.0,-5.0,-5.0,-2.5,-2.5,-5.0
./drr/531.png,5.0,-5.0,-5.0,-2.5,-2.5,-2.5
./drr/532.png,5.0,-5.0,-5.0,-2.5,-2.5,0.0
./drr/533.png,5.0,-5.0,-5.0,-2.5,-2.5,2.5
./drr/534.png,5.0,-5.0,-5.0,-2.5,-2.5,5.0
./drr/535.png,5.0,-5.0,-5.0,-2.5,0.0,-5.0
./drr/536.png,5.0,-5.0,-5.0,-2.5,0.0,-2.5
./drr/537.png,5.0,-5.0,-5.0,-2.5,0.0,0.0
./drr/538.png,5.0,-5.0,-5.0,-2.5,0.0,2.5
./drr/539.png,5.0,-5.0,-5.0,-2.5,0.0,5.0
./drr/540.png,5.0,-5.0,-5.0,-2.5,2.5,-5.0
./drr/541.png,5.0,-5.0,-5.0,-2.5,2.5,-2.5
./drr/542.png,5.0,-5.0,-5.0,-2.5,2.5,0.0
./drr/543.png,5.0,-5.0,-5.0,-2.5,2.5,2.5
./drr/544.png,5.0,-5.0,-5.0,-2.5,2.5,5.0
./drr/545.png,5.0,-5.0,-5.0,-2.5,5.0,-5.0
./drr/546.png,5.0,-5.0,-5.0,-2.5,5.0,-2.5
./drr/547.png,5.0,-5.0,-5.0,-2.5,5.0,0.0
./drr/548.png,5.0,-5.0,-5.0,-2.5,5.0,2.5
./drr/549.png,5.0,-5.0,-5.0,-2.5,5.0,5.0
./drr/550.png,5.0,-5.0,-5.0,0.0,-5.0,-5.0
./drr/551.png,5.0,-5.0,-5.0,0.0,-5.0,-2.5
./drr/552.png,5.0,-5.0,-5.0,0.0,-5.0,0.0
./drr/553.png,5.0,-5.0,-5.0,0.0,-5.0,2.5
./drr/554.png,5.0,-5.0,-5.0,0.0,-5.0,5.0
./drr/555.png,5.0,-5.0,-5.0,0.0,-2.5,-5.0
./drr/556.png,5.0,-5.0,-5.0,0.0,-2.5,-2.5
./drr/557.png,5.0,-5.0,-5.0,0.0,-2.5,0.0
./drr/558.png,5.0,-5.0,-5.0,0.0,-2.5,2.5
./drr/559.png,5.0,-5.0,-5.0,0.0,-2.5,5.0
./drr/560.png,5.0,-5.0,-5.0,0.0,0.0,-5.0
./drr/561.png,5.0,-5.0,-5.0,0.0,0.0,-2.5
./drr/562.png,5.0,-5.0,-5.0,0.0,0.0,0.0
./drr/563.png,5.0,-5.0,-5.0,0.0,0.0,2.5
./drr/564.png,5.0,-5.0,-5.0,0.0,0.0,5.0
./drr/565.png,5.0,-5.0,-5.0,0.0,2.5,-5.0
./drr/566.png,5.0,-5.0,-5.0,0.0,2.5,-2.5
./drr/567.png,5.0,-5.0,-5.0,0.0,2.5,0.0
./drr/568.png,5.0,-5.0,-5.0,0.0,2.5,2.5
./drr/569.png,5.0,-5.0,-5.0,0.0,2.5,5.0
./drr/570.png,5.0,-5.0,-5.0,0.0,5.0,-5.0
./drr/571.png,5.0,-5.0,-5.0,0.0,5.0,-2.5
./drr/572.png,5.0,-5.0,-5.0,0.0,5.0,0.0
./drr/573.png,5.0,-5.0,-5.0,0.0,5.0,2.5
./drr/574.png,5.0,-5.0,-5.0,0.0,5.0,5.0
./drr/575.png,5.0,-5.0,-5.0,2.5,-5.0,-5.0
./drr/576.png,5.0,-5.0,-5.0,2.5,-5.0,-2.5
./drr/577.png,5.0,-5.0,-5.0,2.5,-5.0,0.0
./drr/578.png,5.0,-5.0,-5.0,2.5,-5.0,2.5
./drr/579.png,5.0,-5.0,-5.0,2.5,-5.0,5.0
./drr/580.png,5.0,-5.0,-5.0,2.5,-2.5,-5.0
./drr/581.png,5.0,-5.0,-5.0,2.5,-2.5,-2.5
./drr/582.png,5.0,-5.0,-5.0,2.5,-2.5,0.0
./drr/583.png,5.0,-5.0,-5.0,2.5,-2.5,2.5
./drr/584.png,5.0,-5.0,-5.0,2.5,-2.5,5.0
./drr/585.png,5.0,-5.0,-5.0,2.5,0.0,-5.0
./drr/586.png,5.0,-5.0,-5.0,2.5,0.0,-2.5
./drr/587.png,5.0,-5.0,-5.0,2.5,0.0,0.0
./drr/588.png,5.0,-5.0,-5.0,2.5,0.0,2.5
./drr/589.png,5.0,-5.0,-5.0,2.5,0.0,5.0
./drr/590.png,5.0,-5.0,-5.0,2.5,2.5,-5.0
./drr/591.png,5.0,-5.0,-5.0,2.5,2.5,-2.5
./drr/592.png,5.0,-5.0,-5.0,2.5,2.5,0.0
./drr/593.png,5.0,-5.0,-5.0,2.5,2.5,2.5
./drr/594.png,5.0,-5.0,-5.0,2.5,2.5,5.0
./drr/595.png,5.0,-5.0,-5.0,2.5,5.0,-5.0
./drr/596.png,5.0,-5.0,-5.0,2.5,5.0,-2.5
./drr/597.png,5.0,-5.0,-5.0,2.5,5.0,0.0
./drr/598.png,5.0,-5.0,-5.0,2.5,5.0,2.5
./drr/599.png,5.0,-5.0,-5.0,2.5,5.0,5.0
./drr/600.png,5.0,-5.0,-5.0,5.0,-5.0,-5.0
./drr/601.png,5.0,-5.0,-5.0,5.0,-5.0,-2.5
./drr/602.png,5.0,-5.0,-5.0,5.0,-5.0,0.0
./drr/603.png,5.0,-5.0,-5.0,5.0,-5.0,2.5
./drr/604.png,5.0,-5.0,-5.0,5.0,-5.0,5.0
./drr/605.png,5.0,-5.0,-5.0,5.0,-2.5,-5.0
./drr/606.png,5.0,-5.0,-5.0,5.0,-2.5,-2.5
./drr/607.png,5.0,-5.0,-5.0,5.0,-2.5,0.0
./drr/608.png,5.0,-5.0,-5.0,5.0,-2.5,2.5
./drr/609.png,5.0,-5.0,-5.0,5.0,-2.5,5.0
./drr/610.png,5.0,-5.0,-5.0,5.0,0.0,-5.0
./drr/611.png,5.0,-5.0,-5.0,5.0,0.0,-2.5
./drr/612.png,5.0,-5.0,-5.0,5.0,0.0,0.0
./drr/613.png,5.0,-5.0,-5.0,5.0,0.0,2.5
./drr/614.png,5.0,-5.0,-5.0,5.0,0.0,5.0
./drr/615.png,5.0,-5.0,-5.0,5.0,2.5,-5.0
./drr/616.png,5.0,-5.0,-5.0,5.0,2.5,-2.5
./drr/617.png,5.0,-5.0,-5.0,5.0,2.5,0.0
./drr/618.png,5.0,-5.0,-5.0,5.0,2.5,2.5
./drr/619.png,5.0,-5.0,-5.0,5.0,2.5,5.0
./drr/620.png,5.0,-5.0,-5.0,5.0,5.0,-5.0
./drr/621.png,5.0,-5.0,-5.0,5.0,5.0,-2.5
./drr/622.png,5.0,-5.0,-5.0,5.0,5.0,0.0
./drr/623.png,5.0,-5.0,-5.0,5.0,5.0,2.5
./drr/624.png,5.0,-5.0,-5.0,5.0,5.0,5.0
./drr/625.png,5.0,-5.0,5.0,-5.0,-5.0,-5.0
./drr/626.png,5.0,-5.0,5.0,-5.0,-5.0,-2.5
./drr/627.png,5.0,-5.0,5.0,-5.0,-5.0,0.0
./drr/628.png,5.0,-5.0,5.0,-5.0,-5.0,2.5
./drr/629.png,5.0,-5.0,5.0,-5.0,-5.0,5.0
./drr/630.png,5.0,-5.0,5.0,-5.0,-2.5,-5.0
./drr/631.png,5.0,-5.0,5.0,-5.0,-2.5,-2.5
./drr/632.png,5.0,-5.0,5.0,-5.0,-2.5,0.0
./drr/633.png,5.0,-5.0,5.0,-5.0,-2.5,2.5
./drr/634.png,5.0,-5.0,5.0,-5.0,-2.5,5.0
./drr/635.png,5.0,-5.0,5.0,-5.0,0.0,-5.0
./drr/636.png,5.0,-5.0,5.0,-5.0,0.0,-2.5
./drr/637.png,5.0,-5.0,5.0,-5.0,0.0,0.0
./drr/638.png,5.0,-5.0,5.0,-5.0,0.0,2.5
./drr/639.png,5.0,-5.0,5.0,-5.0,0.0,5.0
./drr/640.png,5.0,-5.0,5.0,-5.0,2.5,-5.0
./drr/641.png,5.0,-5.0,5.0,-5.0,2.5,-2.5
./drr/642.png,5.0,-5.0,5.0,-5.0,2.5,0.0
./drr/643.png,5.0,-5.0,5.0,-5.0,2.5,2.5
./drr/644.png,5.0,-5.0,5.0,-5.0,2.5,5.0
./drr/645.png,5.0,-5.0,5.0,-5.0,5.0,-5.0
./drr/646.png,5.0,-5.0,5.0,-5.0,5.0,-2.5
./drr/647.png,5.0,-5.0,5.0,-5.0,5.0,0.0
./drr/648.png,5.0,-5.0,5.0,-5.0,5.0,2.5
./drr/649.png,5.0,-5.0,5.0,-5.0,5.0,5.0
./drr/650.png,5.0,-5.0,5.0,-2.5,-5.0,-5.0
./drr/651.png,5.0,-5.0,5.0,-2.5,-5.0,-2.5
./drr/652.png,5.0,-5.0,5.0,-2.5,-5.0,0.0
./drr/653.png,5.0,-5.0,5.0,-2.5,-5.0,2.5
./drr/654.png,5.0,-5.0,5.0,-2.5,-5.0,5.0
./drr/655.png,5.0,-5.0,5.0,-2.5,-2.5,-5.0
./drr/656.png,5.0,-5.0,5.0,-2.5,-2.5,-2.5
./drr/657.png,5.0,-5.0,5.0,-2.5,-2.5,0.0
./drr/658.png,5.0,-5.0,5.0,-2.5,-2.5,2.5
./drr/659.png,5.0,-5.0,5.0,-2.5,-2.5,5.0
./drr/660.png,5.0,-5.0,5.0,-2.5,0.0,-5.0
./drr/661.png,5.0,-5.0,5.0,-2.5,0.0,-2.5
./drr/662.png,5.0,-5.0,5.0,-2.5,0.0,0.0
./drr/663.png,5.0,-5.0,5.0,-2.5,0.0,2.5
./drr/664.png,5.0,-5.0,5.0,-2.5,0.0,5.0
./drr/665.png,5.0,-5.0,5.0,-2.5,2.5,-5.0
./drr/666.png,5.0,-5.0,5.0,-2.5,2.5,-2.5
./drr/667.png,5.0,-5.0,5.0,-2.5,2.5,0.0
./drr/668.png,5.0,-5.0,5.0,-2.5,2.5,2.5
./drr/669.png,5.0,-5.0,5.0,-2.5,2.5,5.0
./drr/670.png,5.0,-5.0,5.0,-2.5,5.0,-5.0
./drr/671.png,5.0,-5.0,5.0,-2.5,5.0,-2.5
./drr/672.png,5.0,-5.0,5.0,-2.5,5.0,0.0
./drr/673.png,5.0,-5.0,5.0,-2.5,5.0,2.5
./drr/674.png,5.0,-5.0,5.0,-2.5,5.0,5.0
./drr/675.png,5.0,-5.0,5.0,0.0,-5.0,-5.0
./drr/676.png,5.0,-5.0,5.0,0.0,-5.0,-2.5
./drr/677.png,5.0,-5.0,5.0,0.0,-5.0,0.0
./drr/678.png,5.0,-5.0,5.0,0.0,-5.0,2.5
./drr/679.png,5.0,-5.0,5.0,0.0,-5.0,5.0
./drr/680.png,5.0,-5.0,5.0,0.0,-2.5,-5.0
./drr/681.png,5.0,-5.0,5.0,0.0,-2.5,-2.5
./drr/682.png,5.0,-5.0,5.0,0.0,-2.5,0.0
./drr/683.png,5.0,-5.0,5.0,0.0,-2.5,2.5
./drr/684.png,5.0,-5.0,5.0,0.0,-2.5,5.0
./drr/685.png,5.0,-5.0,5.0,0.0,0.0,-5.0
./drr/686.png,5.0,-5.0,5.0,0.0,0.0,-2.5
./drr/687.png,5.0,-5.0,5.0,0.0,0.0,0.0
./drr/688.png,5.0,-5.0,5.0,0.0,0.0,2.5
./drr/689.png,5.0,-5.0,5.0,0.0,0.0,5.0
./drr/690.png,5.0,-5.0,5.0,0.0,2.5,-5.0
./drr/691.png,5.0,-5.0,5.0,0.0,2.5,-2.5
./drr/692.png,5.0,-5.0,5.0,0.0,2.5,0.0
./drr/693.png,5.0,-5.0,5.0,0.0,2.5,2.5
./drr/694.png,5.0,-5.0,5.0,0.0,2.5,5.0
./drr/695.png,5.0,-5.0,5.0,0.0,5.0,-5.0
./drr/696.png,5.0,-5.0,5.0,0.0,5.0,-2.5
./drr/697.png,5.0,-5.0,5.0,0.0,5.0,0.0
./drr/698.png,5.0,-5.0,5.0,0.0,5.0,2.5
./drr/699.png,5.0,-5.0,5.0,0.0,5.0,5.0
./drr/700.png,5.0,-5.0,5.0,2.5,-5.0,-5.0
./drr/701.png,5.0,-5.0,5.0,2.5,-5.0,-2.5
./drr/702.png,5.0,-5.0,5.0,2.5,-5.0,0.0
./drr/703.png,5.0,-5.0,5.0,2.5,-5.0,2.5
./drr/704.png,5.0,-5.0,5.0,2.5,-5.0,5.0
./drr/705.png,5.0,-5.0,5.0,2.5,-2.5,-5.0
./drr/706.png,5.0,-5.0,5.0,2.5,-2.5,-2.5
./drr/707.png,5.0,-5.0,5.0,2.5,-2.5,0.0
./drr/708.png,5.0,-5.0,5.0,2.5,-2.5,2.5
./drr/709.png,5.0,-5.0,5.0,2.5,-2.5,5.0
./drr/710.png,5.0,-5.0,5.0,2.5,0.0,-5.0
./drr/711.png,5.0,-5.0,5.0,2.5,0.0,-2.5
./drr/712.png,5.0,-5.0,5.0,2.5,0.0,0.0
./drr/713.png,5.0,-5.0,5.0,2.5,0.0,2.5
./drr/714.png,5.0,-5.0,5.0,2.5,0.0,5.0
./drr/715.png,5.0,-5.0,5.0,2.5,2.5,-5.0
./drr/716.png,5.0,-5.0,5.0,2.5,2.5,-2.5
./drr/717.png,5.0,-5.0,5.0,2.5,2.5,0.0
./drr/718.png,5.0,-5.0,5.0,2.5,2.5,2.5
./drr/719.png,5.0,-5.0,5.0,2.5,2.5,5.0
./drr/720.png,5.0,-5.0,5.0,2.5,5.0,-5.0
./drr/721.png,5.0,-5.0,5.0,2.5,5.0,-2.5
./drr/722.png,5.0,-5.0,5.0,2.5,5.0,0.0
./drr/723.png,5.0,-5.0,5.0,2.5,5.0,2.5
./drr/724.png,5.0,-5.0,5.0,2.5,5.0,5.0
./drr/725.png,5.0,-5.0,5.0,5.0,-5.0,-5.0
./drr/726.png,5.0,-5.0,5.0,5.0,-5.0,-2.5
./drr/727.png,5.0,-5.0,5.0,5.0,-5.0,0.0
./drr/728.png,5.0,-5.0,5.0,5.0,-5.0,2.5
./drr/729.png,5.0,-5.0,5.0,5.0,-5.0,5.0
./drr/730.png,5.0,-5.0,5.0,5.0,-2.5,-5.0
./drr/731.png,5.0,-5.0,5.0,5.0,-2.5,-2.5
./drr/732.png,5.0,-5.0,5.0,5.0,-2.5,0.0
./drr/733.png,5.0,-5.0,5.0,5.0,-2.5,2.5
./drr/734.png,5.0,-5.0,5.0,5.0,-2.5,5.0
./drr/735.png,5.0,-5.0,5.0,5.0,0.0,-5.0
./drr/736.png,5.0,-5.0,5.0,5.0,0.0,-2.5
./drr/737.png,5.0,-5.0,5.0,5.0,0.0,0.0
./drr/738.png,5.0,-5.0,5.0,5.0,0.0,2.5
./drr/739.png,5.0,-5.0,5.0,5.0,0.0,5.0
./drr/740.png,5.0,-5.0,5.0,5.0,2.5,-5.0
./drr/741.png,5.0,-5.0,5.0,5.0,2.5,-2.5
./drr/742.png,5.0,-5.0,5.0,5.0,2.5,0.0
./drr/743.png,5.0,-5.0,5.0,5.0,2.5,2.5
./drr/744.png,5.0,-5.0,5.0,5.0,2.5,5.0
./drr/745.png,5.0,-5.0,5.0,5.0,5.0,-5.0
./drr/746.png,5.0,-5.0,5.0,5.0,5.0,-2.5
./drr/747.png,5.0,-5.0,5.0,5.0,5.0,0.0
./drr/748.png,5.0,-5.0,5.0,5.0,5.0,2.5
./drr/749.png,5.0,-5.0,5.0,5.0,5.0,5.0
./drr/750.png,5.0,5.0,-5.0,-5.0,-5.0,-5.0
./drr/751.png,5.0,5.0,-5.0,-5.0,-5.0,-2.5
./drr/752.png,5.0,5.0,-5.0,-5.0,-5.0,0.0
./drr/753.png,5.0,5.0,-5.0,-5.0,-5.0,2.5
./drr/754.png,5.0,5.0,-5.0,-5.0,-5.0,5.0
./drr/755.png,5.0,5.0,-5.0,-5.0,-2.5,-5.0
./drr/756.png,5.0,5.0,-5.0,-5.0,-2.5,-2.5
./drr/757.png,5.0,5.0,-5.0,-5.0,-2.5,0.0
./drr/758.png,5.0,5.0,-5.0,-5.0,-2.5,2.5
./drr/759.png,5.0,5.0,-5.0,-5.0,-2.5,5.0
./drr/760.png,5.0,5.0,-5.0,-5.0,0.0,-5.0
./drr/761.png,5.0,5.0,-5.0,-5.0,0.0,-2.5
./drr/762.png,5.0,5.0,-5.0,-5.0,0.0,0.0
./drr/763.png,5.0,5.0,-5.0,-5.0,0.0,2.5
./drr/764.png,5.0,5.0,-5.0,-5.0,0.0,5.0
./drr/765.png,5.0,5.0,-5.0,-5.0,2.5,-5.0
./drr/766.png,5.0,5.0,-5.0,-5.0,2.5,-2.5
./drr/767.png,5.0,5.0,-5.0,-5.0,2.5,0.0
./drr/768.png,5.0,5.0,-5.0,-5.0,2.5,2.5
./drr/769.png,5.0,5.0,-5.0,-5.0,2.5,5.0
./drr/770.png,5.0,5.0,-5.0,-5.0,5.0,-5.0
./drr/771.png,5.0,5.0,-5.0,-5.0,5.0,-2.5
./drr/772.png,5.0,5.0,-5.0,-5.0,5.0,0.0
./drr/773.png,5.0,5.0,-5.0,-5.0,5.0,2.5
./drr/774.png,5.0,5.0,-5.0,-5.0,5.0,5.0
./drr/775.png,5.0,5.0,-5.0,-2.5,-5.0,-5.0
./drr/776.png,5.0,5.0,-5.0,-2.5,-5.0,-2.5
./drr/777.png,5.0,5.0,-5.0,-2.5,-5.0,0.0
./drr/778.png,5.0,5.0,-5.0,-2.5,-5.0,2.5
./drr/779.png,5.0,5.0,-5.0,-2.5,-5.0,5.0
./drr/780.png,5.0,5.0,-5.0,-2.5,-2.5,-5.0
./drr/781.png,5.0,5.0,-5.0,-2.5,-2.5,-2.5
./drr/782.png,5.0,5.0,-5.0,-2.5,-2.5,0.0
./drr/783.png,5.0,5.0,-5.0,-2.5,-2.5,2.5
./drr/784.png,5.0,5.0,-5.0,-2.5,-2.5,5.0
./drr/785.png,5.0,5.0,-5.0,-2.5,0.0,-5.0
./drr/786.png,5.0,5.0,-5.0,-2.5,0.0,-2.5
./drr/787.png,5.0,5.0,-5.0,-2.5,0.0,0.0
./drr/788.png,5.0,5.0,-5.0,-2.5,0.0,2.5
./drr/789.png,5.0,5.0,-5.0,-2.5,0.0,5.0
./drr/790.png,5.0,5.0,-5.0,-2.5,2.5,-5.0
./drr/791.png,5.0,5.0,-5.0,-2.5,2.5,-2.5
./drr/792.png,5.0,5.0,-5.0,-2.5,2.5,0.0
./drr/793.png,5.0,5.0,-5.0,-2.5,2.5,2.5
./drr/794.png,5.0,5.0,-5.0,-2.5,2.5,5.0
./drr/795.png,5.0,5.0,-5.0,-2.5,5.0,-5.0
./drr/796.png,5.0,5.0,-5.0,-2.5,5.0,-2.5
./drr/797.png,5.0,5.0,-5.0,-2.5,5.0,0.0
./drr/798.png,5.0,5.0,-5.0,-2.5,5.0,2.5
./drr/799.png,5.0,5.0,-5.0,-2.5,5.0,5.0
./drr/800.png,5.0,5.0,-5.0,0.0,-5.0,-5.0
./drr/801.png,5.0,5.0,-5.0,0.0,-5.0,-2.5
./drr/802.png,5.0,5.0,-5.0,0.0,-5.0,0.0
./drr/803.png,5.0,5.0,-5.0,0.0,-5.0,2.5
./drr/804.png,5.0,5.0,-5.0,0.0,-5.0,5.0
./drr/805.png,5.0,5.0,-5.0,0.0,-2.5,-5.0
./drr/806.png,5.0,5.0,-5.0,0.0,-2.5,-2.5
./drr/807.png,5.0,5.0,-5.0,0.0,-2.5,0.0
./drr/808.png,5.0,5.0,-5.0,0.0,-2.5,2.5
./drr/809.png,5.0,5.0,-5.0,0.0,-2.5,5.0
./drr/810.png,5.0,5.0,-5.0,0.0,0.0,-5.0
./drr/811.png,5.0,5.0,-5.0,0.0,0.0,-2.5
./drr/812.png,5.0,5.0,-5.0,0.0,0.0,0.0
./drr/813.png,5.0,5.0,-5.0,0.0,0.0,2.5
./drr/814.png,5.0,5.0,-5.0,0.0,0.0,5.0
./drr/815.png,5.0,5.0,-5.0,0.0,2.5,-5.0
./drr/816.png,5.0,5.0,-5.0,0.0,2.5,-2.5
./drr/817.png,5.0,5.0,-5.0,0.0,2.5,0.0
./drr/818.png,5.0,5.0,-5.0,0.0,2.5,2.5
./drr/819.png,5.0,5.0,-5.0,0.0,2.5,5.0
./drr/820.png,5.0,5.0,-5.0,0.0,5.0,-5.0
./drr/821.png,5.0,5.0,-5.0,0.0,5.0,-2.5
./drr/822.png,5.0,5.0,-5.0,0.0,5.0,0.0
./drr/823.png,5.0,5.0,-5.0,0.0,5.0,2.5
./drr/824.png,5.0,5.0,-5.0,0.0,5.0,5.0
./drr/825.png,5.0,5.0,-5.0,2.5,-5.0,-5.0
./drr/826.png,5.0,5.0,-5.0,2.5,-5.0,-2.5
./drr/827.png,5.0,5.0,-5.0,2.5,-5.0,0.0
./drr/828.png,5.0,5.0,-5.0,2.5,-5.0,2.5
./drr/829.png,5.0,5.0,-5.0,2.5,-5.0,5.0
./drr/830.png,5.0,5.0,-5.0,2.5,-2.5,-5.0
./drr/831.png,5.0,5.0,-5.0,2.5,-2.5,-2.5
./drr/832.png,5.0,5.0,-5.0,2.5,-2.5,0.0
./drr/833.png,5.0,5.0,-5.0,2.5,-2.5,2.5
./drr/834.png,5.0,5.0,-5.0,2.5,-2.5,5.0
./drr/835.png,5.0,5.0,-5.0,2.5,0.0,-5.0
./drr/836.png,5.0,5.0,-5.0,2.5,0.0,-2.5
./drr/837.png,5.0,5.0,-5.0,2.5,0.0,0.0
./drr/838.png,5.0,5.0,-5.0,2.5,0.0,2.5
./drr/839.png,5.0,5.0,-5.0,2.5,0.0,5.0
./drr/840.png,5.0,5.0,-5.0,2.5,2.5,-5.0
./drr/841.png,5.0,5.0,-5.0,2.5,2.5,-2.5
./drr/842.png,5.0,5.0,-5.0,2.5,2.5,0.0
./drr/843.png,5.0,5.0,-5.0,2.5,2.5,2.5
./drr/844.png,5.0,5.0,-5.0,2.5,2.5,5.0
./drr/845.png,5.0,5.0,-5.0,2.5,5.0,-5.0
./drr/846.png,5.0,5.0,-5.0,2.5,5.0,-2.5
./drr/847.png,5.0,5.0,-5.0,2.5,5.0,0.0
./drr/848.png,5.0,5.0,-5.0,2.5,5.0,2.5
./drr/849.png,5.0,5.0,-5.0,2.5,5.0,5.0
./drr/850.png,5.0,5.0,-5.0,5.0,-5.0,-5.0
./drr/851.png,5.0,5.0,-5.0,5.0,-5.0,-2.5
./drr/852.png,5.0,5.0,-5.0,5.0,-5.0,0.0
./drr/853.png,5.0,5.0,-5.0,5.0,-5.0,2.5
./drr/854.png,5.0,5.0,-5.0,5.0,-5.0,5.0
./drr/855.png,5.0,5.0,-5.0,5.0,-2.5,-5.0
./drr/856.png,5.0,5.0,-5.0,5.0,-2.5,-2.5
./drr/857.png,5.0,5.0,-5.0,5.0,-2.5,0.0
./drr/858.png,5.0,5.0,-5.0,5.0,-2.5,2.5
./drr/859.png,5.0,5.0,-5.0,5.0,-2.5,5.0
./drr/860.png,5.0,5.0,-5.0,5.0,0.0,-5.0
./drr/861.png,5.0,5.0,-5.0,5.0,0.0,-2.5
./drr/862.png,5.0,5.0,-5.0,5.0,0.0,0.0
./drr/863.png,5.0,5.0,-5.0,5.0,0.0,2.5
./drr/864.png,5.0,5.0,-5.0,5.0,0.0,5.0
./drr/865.png,5.0,5.0,-5.0,5.0,2.5,-5.0
./drr/866.png,5.0,5.0,-5.0,5.0,2.5,-2.5
./drr/867.png,5.0,5.0,-5.0,5.0,2.5,0.0
./drr/868.png,5.0,5.0,-5.0,5.0,2.5,2.5
./drr/869.png,5.0,5.0,-5.0,5.0,2.5,5.0
./drr/870.png,5.0,5.0,-5.0,5.0,5.0,-5.0
./drr/871.png,5.0,5.0,-5.0,5.0,5.0,-2.5
./drr/872.png,5.0,5.0,-5.0,5.0,5.0,0.0
./drr/873.png,5.0,5.0,-5.0,5.0,5.0,2.5
./drr/874.png,5.0,5.0,-5.0,5.0,5.0,5.0
./drr/875.png,5.0,5.0,5.0,-5.0,-5.0,-5.0
./drr/876.png,5.0,5.0,5.0,-5.0,-5.0,-2.5
./drr/877.png,5.0,5.0,5.0,-5.0,-5.0,0.0
./drr/878.png,5.0,5.0,5.0,-5.0,-5.0,2.5
./drr/879.png,5.0,5.0,5.0,-5.0,-5.0,5.0
./drr/880.png,5.0,5.0,5.0,-5.0,-2.5,-5.0
./drr/881.png,5.0,5.0,5.0,-5.0,-2.5,-2.5
./drr/882.png,5.0,5.0,5.0,-5.0,-2.5,0.0
./drr/883.png,5.0,5.0,5.0,-5.0,-2.5,2.5
./drr/884.png,5.0,5.0,5.0,-5.0,-2.5,5.0
./drr/885.png,5.0,5.0,5.0,-5.0,0.0,-5.0
./drr/886.png,5.0,5.0,5.0,-5.0,0.0,-2.5
./drr/887.png,5.0,5.0,5.0,-5.0,0.0,0.0
./drr/888.png,5.0,5.0,5.0,-5.0,0.0,2.5
./drr/889.png,5.0,5.0,5.0,-5.0,0.0,5.0
./drr/890.png,5.0,5.0,5.0,-5.0,2.5,-5.0
./drr/891.png,5.0,5.0,5.0,-5.0,2.5,-2.5
./drr/892.png,5.0,5.0,5.0,-5.0,2.5,0.0
./drr/893.png,5.0,5.0,5.0,-5.0,2.5,2.5
./drr/894.png,5.0,5.0,5.0,-5.0,2.5,5.0
./drr/895.png,5.0,5.0,5.0,-5.0,5.0,-5.0
./drr/896.png,5.0,5.0,5.0,-5.0,5.0,-2.5
./drr/897.png,5.0,5.0,5.0,-5.0,5.0,0.0
./drr/898.png,5.0,5.0,5.0,-5.0,5.0,2.5
./drr/899.png,5.0,5.0,5.0,-5.0,5.0,5.0
./drr/900.png,5.0,5.0,5.0,-2.5,-5.0,-5.0
./drr/901.png,5.0,5.0,5.0,-2.5,-5.0,-2.5
./drr/902.png,5.0,5.0,5.0,-2.5,-5.0,0.0
./drr/903.png,5.0,5.0,5.0,-2.5,-5.0,2.5
./drr/904.png,5.0,5.0,5.0,-2.5,-5.0,5.0
./drr/905.png,5.0,5.0,5.0,-2.5,-2.5,-5.0
./drr/906.png,5.0,5.0,5.0,-2.5,-2.5,-2.5
./drr/907.png,5.0,5.0,5.0,-2.5,-2.5,0.0
./drr/908.png,5.0,5.0,5.0,-2.5,-2.5,2.5
./drr/909.png,5.0,5.0,5.0,-2.5,-2.5,5.0
./drr/910.png,5.0,5.0,5.0,-2.5,0.0,-5.0
./drr/911.png,5.0,5.0,5.0,-2.5,0.0,-2.5
./drr/912.png,5.0,5.0,5.0,-2.5,0.0,0.0
./drr/913.png,5.0,5.0,5.0,-2.5,0.0,2.5
./drr/914.png,5.0,5.0,5.0,-2.5,0.0,5.0
./drr/915.png,5.0,5.0,5.0,-2.5,2.5,-5.0
./drr/916.png,5.0,5.0,5.0,-2.5,2.5,-2.5
./drr/917.png,5.0,5.0,5.0,-2.5,2.5,0.0
./drr/918.png,5.0,5.0,5.0,-2.5,2.5,2.5
./drr/919.png,5.0,5.0,5.0,-2.5,2.5,5.0
./drr/920.png,5.0,5.0,5.0,-2.5,5.0,-5.0
./drr/921.png,5.0,5.0,5.0,-2.5,5.0,-2.5
./drr/922.png,5.0,5.0,5.0,-2.5,5.0,0.0
./drr/923.png,5.0,5.0,5.0,-2.5,5.0,2.5
./drr/924.png,5.0,5.0,5.0,-2.5,5.0,5.0
./drr/925.png,5.0,5.0,5.0,0.0,-5.0,-5.0
./drr/926.png,5.0,5.0,5.0,0.0,-5.0,-2.5
./drr/927.png,5.0,5.0,5.0,0.0,-5.0,0.0
./drr/928.png,5.0,5.0,5.0,0.0,-5.0,2.5
./drr/929.png,5.0,5.0,5.0,0.0,-5.0,5.0
./drr/930.png,5.0,5.0,5.0,0.0,-2.5,-5.0
./drr/931.png,5.0,5.0,5.0,0.0,-2.5,-2.5
./drr/932.png,5.0,5.0,5.0,0.0,-2.5,0.0
./drr/933.png,5.0,5.0,5.0,0.0,-2.5,2.5
./drr/934.png,5.0,5.0,5.0,0.0,-2.5,5.0
./drr/935.png,5.0,5.0,5.0,0.0,0.0,-5.0
./drr/936.png,5.0,5.0,5.0,0.0,0.0,-2.5
./drr/937.png,5.0,5.0,5.0,0.0,0.0,0.0
./drr/938.png,5.0,5.0,5.0,0.0,0.0,2.5
./drr/939.png,5.0,5.0,5.0,0.0,0.0,5.0
./drr/940.png,5.0,5.0,5.0,0.0,2.5,-5.0
./drr/941.png,5.0,5.0,5.0,0.0,2.5,-2.5
./drr/942.png,5.0,5.0,5.0,0.0,2.5,0.0
./drr/943.png,5.0,5.0,5.0,0.0,2.5,2.5
./drr/944.png,5.0,5.0,5.0,0.0,2.5,5.0
./drr/945.png,5.0,5.0,5.0,0.0,5.0,-5.0
./drr/946.png,5.0,5.0,5.0,0.0,5.0,-2.5
./drr/947.png,5.0,5.0,5.0,0.0,5.0,0.0
./drr/948.png,5.0,5.0,5.0,0.0,5.0,2.5
./drr/949.png,5.0,5.0,5.0,0.0,5.0,5.0
./drr/950.png,5.0,5.0,5.0,2.5,-5.0,-5.0
./drr/951.png,5.0,5.0,5.0,2.5,-5.0,-2.5
./drr/952.png,5.0,5.0,5.0,2.5,-5.0,0.0
./drr/953.png,5.0,5.0,5.0,2.5,-5.0,2.5
./drr/954.png,5.0,5.0,5.0,2.5,-5.0,5.0
./drr/955.png,5.0,5.0,5.0,2.5,-2.5,-5.0
./drr/956.png,5.0,5.0,5.0,2.5,-2.5,-2.5
./drr/957.png,5.0,5.0,5.0,2.5,-2.5,0.0
./drr/958.png,5.0,5.0,5.0,2.5,-2.5,2.5
./drr/959.png,5.0,5.0,5.0,2.5,-2.5,5.0
./drr/960.png,5.0,5.0,5.0,2.5,0.0,-5.0
./drr/961.png,5.0,5.0,5.0,2.5,0.0,-2.5
./drr/962.png,5.0,5.0,5.0,2.5,0.0,0.0
./drr/963.png,5.0,5.0,5.0,2.5,0.0,2.5
./drr/964.png,5.0,5.0,5.0,2.5,0.0,5.0
./drr/965.png,5.0,5.0,5.0,2.5,2.5,-5.0
./drr/966.png,5.0,5.0,5.0,2.5,2.5,-2.5
./drr/967.png,5.0,5.0,5.0,2.5,2.5,0.0
./drr/968.png,5.0,5.0,5.0,2.5,2.5,2.5
./drr/969.png,5.0,5.0,5.0,2.5,2.5,5.0
./drr/970.png,5.0,5.0,5.0,2.5,5.0,-5.0
./drr/971.png,5.0,5.0,5.0,2.5,5.0,-2.5
./drr/972.png,5.0,5.0,5.0,2.5,5.0,0.0
./drr/973.png,5.0,5.0,5.0,2.5,5.0,2.5
./drr/974.png,5.0,5.0,5.0,2.5,5.0,5.0
./drr/975.png,5.0,5.0,5.0,5.0,-5.0,-5.0
./drr/976.png,5.0,5.0,5.0,5.0,-5.0,-2.5
./drr/977.png,5.0,5.0,5.0,5.0,-5.0,0.0
./drr/978.png,5.0,5.0,5.0,5.0,-5.0,2.5
./drr/979.png,5.0,5.0,5.0,5.0,-5.0,5.0
./drr/980.png,5.0,5.0,5.0,5.0,-2.5,-5.0
./drr/981.png,5.0,5.0,5.0,5.0,-2.5,-2.5
./drr/982.png,5.0,5.0,5.0,5.0,-2.5,0.0
./drr/983.png,5.0,5.0,5.0,5.0,-2.5,2.5
./drr/984.png,5.0,5.0,5.0,5.0,-2.5,5.0
./drr/985.png,5.0,5.0,5.0,5.0,0.0,-5.0
./drr/986.png,5.0,5.0,5.0,5.0,0.0,-2.5
./drr/987.png,5.0,5.0,5.0,5.0,0.0,0.0
./drr/988.png,5.0,5.0,5.0,5.0,0.0,2.5
./drr/989.png,5.0,5.0,5.0,5.0,0.0,5.0
./drr/990.png,5.0,5.0,5.0,5.0,2.5,-5.0
./drr/991.png,5.0,5.0,5.0,5.0,2.5,-2.5
./drr/992.png,5.0,5.0,5.0,5.0,2.5,0.0
./drr/993.png,5.0,5.0,5.0,5.0,2.5,2.5
./drr/994.png,5.0,5.0,5.0,5.0,2.5,5.0
./drr/995.png,5.0,5.0,5.0,5.0,5.0,-5.0
./drr/996.png,5.0,5.0,5.0,5.0,5.0,-2.5
./drr/997.png,5.0,5.0,5.0,5.0,5.0,0.0
./drr/998.png,5.0,5.0,5.0,5.0,5.0,2.5
./drr/999.png,5.0,5.0,5.0,5.0,5.0,5.0
